{
  "timestamp": "2026-05-31T16:12:10.322520",
  "silhouette_score": 0.6500251293182373,
  "adjusted_rand_index": 0.7499142520239567,
  "pca_explained_variance_ratio": [
    0.4165351390838623,
    0.20328836143016815
  ]
}